Country Name,Year,Number of passengers carried
Albania,1996,29000.0
Albania,1997,55400.0
Albania,1998,21200.0
Albania,1999,91500.0
Albania,2000,136622.0
Albania,2001,146273.0
Albania,2002,137569.0
Albania,2003,158888.0
Albania,2004,179543.0
Albania,2005,195702.0
Albania,2006,213315.0
Albania,2007,238913.0
Albania,2008,243691.0
Albania,2009,231263.0
Albania,2010,768533.0
Albania,2011,829778.9239
Albania,2012,814339.7303
Albania,2013,865848.0
Albania,2014,151632.0
Albania,2016,26634.0
Albania,2017,204090.0
Albania,2018,303137.0
Albania,2019,307741.0
Albania,2020,124714.0
Armenia,1996,358100.0
Armenia,1997,367800.0
Armenia,1998,365300.0
Armenia,1999,343100.0
Armenia,2000,298232.0
Armenia,2001,369164.0
Armenia,2002,407777.0
Armenia,2003,366581.0
Armenia,2004,509904.0
Armenia,2005,555795.0
Armenia,2006,605817.0
Armenia,2007,560626.0
Armenia,2008,623688.0
Armenia,2009,653320.0
Armenia,2010,704753.0
Armenia,2011,392312.0
Armenia,2012,364733.0
Armenia,2013,45000.0
Armenia,2014,0.0
Armenia,2018,53259.0
Armenia,2019,193668.0
Armenia,2020,54940.0
Austria,1986,1640400.0
Austria,1996,4718600.0
Austria,1997,5153900.0
Austria,1998,5871500.0
Austria,1999,6056600.0
Austria,2000,6641875.0
Austria,2001,6550376.0
Austria,2002,7070344.0
Austria,2003,6902780.0
Austria,2004,7619372.0
Austria,2005,8037890.0
Austria,2006,8785116.0
Austria,2007,9140909.0
Austria,2008,9140680.0
Austria,2009,8520740.0
Austria,2010,13493793.0
Austria,2011,14088251.66
Austria,2012,14518841.05
Austria,2013,15037454.0
Austria,2014,15210489.0
Austria,2015,14718641.0
Austria,2016,14724774.0
Austria,2017,16171640.0
Austria,2018,12935505.0
Austria,2019,46476602.0
Austria,2020,13285414.0
Azerbaijan,1996,1232900.0
Azerbaijan,1997,981800.0
Azerbaijan,1998,669400.0
Azerbaijan,1999,571700.0
Azerbaijan,2000,545800.0
Azerbaijan,2001,543800.0
Azerbaijan,2002,575300.0
Azerbaijan,2003,683700.0
Azerbaijan,2004,1007000.0
Azerbaijan,2005,1134300.0
Azerbaijan,2006,1253400.0
Azerbaijan,2007,1440700.0
Azerbaijan,2008,756338.0
Azerbaijan,2009,839514.0
Azerbaijan,2010,796698.0
Azerbaijan,2011,1348414.0
Azerbaijan,2012,1560084.0
Azerbaijan,2013,1651710.0
Azerbaijan,2014,1770192.0
Azerbaijan,2015,1803112.0
Azerbaijan,2016,1961639.0
Azerbaijan,2017,2331308.0
Azerbaijan,2018,2279546.0
Azerbaijan,2019,2585280.0
Azerbaijan,2020,545265.0
Belgium,1986,2233200.0
Belgium,1996,5173600.0
Belgium,1997,6872100.0
Belgium,1998,8748400.0
Belgium,1999,9965200.0
Belgium,2000,10738119.0
Belgium,2001,8489007.0
Belgium,2002,2341816.0
Belgium,2003,2904114.0
Belgium,2004,3264582.0
Belgium,2005,3340509.0
Belgium,2006,3641155.0
Belgium,2007,4078094.0
Belgium,2008,5878585.0
Belgium,2009,4858700.0
Belgium,2010,7528586.304
Belgium,2011,8638553.1
Belgium,2012,9508165.315
Belgium,2013,9521421.0
Belgium,2014,10535219.0
Belgium,2015,11473055.0
Belgium,2016,12545322.0
Belgium,2017,13676844.0
Belgium,2018,13639487.0
Belgium,2019,14279187.0
Belgium,2020,3520849.848
Bulgaria,1986,1965300.0
Bulgaria,1996,718200.0
Bulgaria,1997,721700.0
Bulgaria,1998,827700.0
Bulgaria,1999,734700.0
Bulgaria,2000,535246.0
Bulgaria,2001,233963.0
Bulgaria,2002,62798.0
Bulgaria,2003,310952.0
Bulgaria,2004,476277.0
Bulgaria,2005,653703.0
Bulgaria,2006,808451.0
Bulgaria,2007,855229.0
Bulgaria,2008,1073496.0
Bulgaria,2009,798165.0
Bulgaria,2010,801840.0
Bulgaria,2011,932868.0
Bulgaria,2012,973062.0
Bulgaria,2013,1013220.0
Bulgaria,2014,1060147.0
Bulgaria,2015,1063498.0
Bulgaria,2016,1092333.0
Bulgaria,2017,1133069.0
Bulgaria,2018,1022645.0
Bulgaria,2019,832828.0
Bulgaria,2020,443067.0
Bosnia and Herzegovina,1998,49900.0
Bosnia and Herzegovina,1999,60100.0
Bosnia and Herzegovina,2000,69142.0
Bosnia and Herzegovina,2001,64993.0
Bosnia and Herzegovina,2002,65643.0
Bosnia and Herzegovina,2003,72864.0
Bosnia and Herzegovina,2008,56313.0
Bosnia and Herzegovina,2009,79977.0
Bosnia and Herzegovina,2010,56485.16182
Bosnia and Herzegovina,2011,40182.43977
Bosnia and Herzegovina,2012,24874.08963
Bosnia and Herzegovina,2013,15000.0
Bosnia and Herzegovina,2014,36636.0
Bosnia and Herzegovina,2015,7071.0
Bosnia and Herzegovina,2019,5375.0
Bosnia and Herzegovina,2020,1593.0
Belarus,1996,843000.0
Belarus,1997,230900.0
Belarus,1998,225500.0
Belarus,1999,212300.0
Belarus,2000,210899.0
Belarus,2001,221714.0
Belarus,2002,204908.0
Belarus,2003,234273.0
Belarus,2004,274185.0
Belarus,2005,281877.0
Belarus,2006,307403.0
Belarus,2007,344290.0
Belarus,2008,351165.0
Belarus,2009,333252.0
Belarus,2010,652142.0
Belarus,2011,737599.0
Belarus,2012,943081.0
Belarus,2013,1159500.0
Belarus,2014,1317732.0
Belarus,2015,1489035.0
Belarus,2016,2057194.0
Belarus,2017,2493100.0
Belarus,2018,2760168.0
Belarus,2019,3208254.0
Belarus,2020,1227674.0
Switzerland,1986,6707800.0
Switzerland,1996,10468300.0
Switzerland,1997,12481600.0
Switzerland,1998,14298900.0
Switzerland,1999,16209000.0
Switzerland,2000,17268093.0
Switzerland,2001,16914823.0
Switzerland,2002,13295500.0
Switzerland,2003,10118096.0
Switzerland,2004,9287315.0
Switzerland,2005,9662619.0
Switzerland,2006,10647142.0
Switzerland,2007,12298456.0
Switzerland,2008,14352757.0
Switzerland,2009,14701206.0
Switzerland,2010,22146864.0
Switzerland,2011,24866065.0
Switzerland,2012,26386306.6
Switzerland,2013,27503416.0
Switzerland,2014,27923164.0
Switzerland,2015,27011762.0
Switzerland,2016,25859918.0
Switzerland,2017,26732570.0
Switzerland,2018,28857994.0
Switzerland,2019,30339654.0
Switzerland,2020,9009607.2
Cyprus,1986,620500.0
Cyprus,1996,1214100.0
Cyprus,1997,1278100.0
Cyprus,1998,1346400.0
Cyprus,1999,1336700.0
Cyprus,2000,1396076.0
Cyprus,2001,1503427.0
Cyprus,2002,1704780.0
Cyprus,2003,1882981.0
Cyprus,2004,2013254.0
Cyprus,2005,1920516.0
Cyprus,2006,1944138.0
Cyprus,2007,2071648.0
Cyprus,2008,2111205.0
Cyprus,2009,1943949.0
Cyprus,2010,1583627.0
Cyprus,2011,1263117.0
Cyprus,2012,1285976.0
Cyprus,2013,1211208.0
Cyprus,2014,688368.0
Cyprus,2015,23405.0
Cyprus,2016,224653.0
Cyprus,2017,711554.0
Cyprus,2018,401408.0
Cyprus,2019,395436.0
Cyprus,2020,104559.0
Czech Republic,1986,991000.0
Czech Republic,1996,1393600.0
Czech Republic,1997,1447800.0
Czech Republic,1998,1600800.0
Czech Republic,1999,1852600.0
Czech Republic,2000,2229216.0
Czech Republic,2001,2565808.0
Czech Republic,2002,2808793.0
Czech Republic,2003,3391474.0
Czech Republic,2004,4219478.0
Czech Republic,2005,4706226.0
Czech Republic,2006,4921600.0
Czech Republic,2007,4869586.0
Czech Republic,2008,4974879.0
Czech Republic,2009,5048360.0
Czech Republic,2010,5145187.0
Czech Republic,2011,4902816.0
Czech Republic,2012,3594882.0
Czech Republic,2013,5186676.0
Czech Republic,2014,5009995.0
Czech Republic,2015,3378028.0
Czech Republic,2016,4048658.0
Czech Republic,2017,5450671.0
Czech Republic,2018,8851291.0
Czech Republic,2019,5446163.2
Czech Republic,2020,1358558.181
Germany,1986,15174000.0
Germany,1996,40118400.0
Germany,1997,45804500.0
Germany,1998,49279800.0
Germany,1999,54652800.0
Germany,2000,57962865.0
Germany,2001,56389365.0
Germany,2002,61889678.0
Germany,2003,72693124.0
Germany,2004,82099657.0
Germany,2005,90788848.0
Germany,2006,99647314.0
Germany,2007,106101747.0
Germany,2008,107941584.0
Germany,2009,103396735.0
Germany,2010,97330734.28
Germany,2011,107042775.8
Germany,2012,105978474.5
Germany,2013,109062321.5
Germany,2014,112353098.6
Germany,2015,117222850.0
Germany,2016,116713587.0
Germany,2017,114160685.0
Germany,2018,109796202.2
Germany,2019,109633750.7
Germany,2020,25758450.0
Denmark,1986,3834000.0
Denmark,1996,5892000.0
Denmark,1997,6236400.0
Denmark,1998,5946600.0
Denmark,1999,5767700.0
Denmark,2000,5922623.0
Denmark,2001,6382092.0
Denmark,2002,6322432.0
Denmark,2003,5886037.0
Denmark,2004,6428701.0
Denmark,2019,50957868.6
Denmark,2020,14041322.8
Spain,1986,15403500.0
Spain,1996,27759200.0
Spain,1997,30315700.0
Spain,1998,31594100.0
Spain,1999,33559400.0
Spain,2000,39711776.0
Spain,2001,41469789.0
Spain,2002,40380629.0
Spain,2003,42506835.0
Spain,2004,45539952.0
Spain,2005,49855007.0
Spain,2006,53122464.0
Spain,2007,60664991.0
Spain,2008,55213716.0
Spain,2009,49289158.0
Spain,2010,52847712.61
Spain,2011,52736140.93
Spain,2012,48089178.33
Spain,2013,48056735.82
Spain,2014,53069339.0
Spain,2015,60564041.0
Spain,2016,66674868.0
Spain,2017,71598374.0
Spain,2018,80706703.0
Spain,2019,88237165.27
Spain,2020,26557078.0
Estonia,1996,149400.0
Estonia,1997,230500.0
Estonia,1998,297400.0
Estonia,1999,302000.0
Estonia,2000,277595.0
Estonia,2001,277768.0
Estonia,2002,304135.0
Estonia,2003,395485.0
Estonia,2004,509556.0
Estonia,2005,577808.0
Estonia,2006,598123.0
Estonia,2007,651323.0
Estonia,2008,685582.0
Estonia,2009,395532.0
Estonia,2010,582320.2028
Estonia,2011,614933.0
Estonia,2012,914519.0
Estonia,2013,627588.0
Estonia,2014,602880.0
Estonia,2015,512389.0
Estonia,2016,372274.0
Estonia,2017,13103.0
Estonia,2018,62802.0
Estonia,2019,857.0
Finland,1986,2987800.0
Finland,1996,5597500.0
Finland,1997,6002300.0
Finland,1998,6771100.0
Finland,1999,6241600.0
Finland,2000,6828143.0
Finland,2001,6697556.0
Finland,2002,6415606.0
Finland,2003,6183906.0
Finland,2004,7049416.0
Finland,2005,7075195.0
Finland,2006,7597125.0
Finland,2007,8288683.0
Finland,2008,7916485.0
Finland,2009,7423265.0
Finland,2010,8685772.868
Finland,2011,9508050.0
Finland,2012,10731828.49
Finland,2013,10467321.0
Finland,2014,10992792.0
Finland,2015,13035848.0
Finland,2016,13754228.0
Finland,2017,12209646.0
Finland,2018,13364839.0
Finland,2019,14610547.0
Finland,2020,3500299.0
France,1986,25211400.0
France,1996,41252600.0
France,1997,43400700.0
France,1998,42232400.0
France,1999,49536300.0
France,2000,52581312.0
France,2001,50476541.0
France,2002,49305864.0
France,2003,47258820.0
France,2004,48543473.0
France,2005,52477178.0
France,2006,59537872.0
France,2007,61551258.0
France,2008,61214656.0
France,2009,58318312.0
France,2010,60864422.11
France,2011,64185339.34
France,2012,64683769.02
France,2013,63925151.0
France,2014,63434263.0
France,2015,65039503.0
France,2016,65362743.0
France,2017,68316473.0
France,2018,70188028.0
France,2019,71289277.0
France,2020,24956343.0
United Kingdom,1986,29373100.0
United Kingdom,1996,64208500.0
United Kingdom,1997,62763200.0
United Kingdom,1998,61940200.0
United Kingdom,1999,65738296.0
United Kingdom,2000,70436030.0
United Kingdom,2001,70331725.0
United Kingdom,2002,72381196.0
United Kingdom,2003,76388660.0
United Kingdom,2004,86054762.0
United Kingdom,2005,93602879.0
United Kingdom,2006,97544631.0
United Kingdom,2007,101622807.0
United Kingdom,2008,104713553.0
United Kingdom,2009,102464509.0
United Kingdom,2010,101515720.2
United Kingdom,2011,111598546.1
United Kingdom,2012,115419920.6
United Kingdom,2013,118605866.0
United Kingdom,2014,124901676.1
United Kingdom,2015,131512994.0
United Kingdom,2016,143781714.0
United Kingdom,2017,151159067.0
United Kingdom,2018,165388610.0
United Kingdom,2019,142392528.0
United Kingdom,2020,30967519.53
Georgia,1996,152400.0
Georgia,1997,110500.0
Georgia,1998,110100.0
Georgia,1999,158600.0
Georgia,2000,117521.0
Georgia,2001,110800.0
Georgia,2002,246609.0
Georgia,2003,303802.0
Georgia,2004,228560.0
Georgia,2005,249131.0
Georgia,2006,271553.0
Georgia,2007,304139.0
Georgia,2008,310222.0
Georgia,2009,294400.0
Georgia,2010,164446.0
Georgia,2011,222630.0
Georgia,2012,178363.0
Georgia,2013,189316.0
Georgia,2014,196589.0
Georgia,2015,232263.0
Georgia,2016,220448.0
Georgia,2017,341751.0
Georgia,2018,516034.0
Georgia,2019,509913.0
Georgia,2020,72906.0
Greece,1986,6479500.0
Greece,1996,6396000.0
Greece,1997,7060800.0
Greece,1998,6403400.0
Greece,1999,6590700.0
Greece,2000,7937434.0
Greece,2001,8430333.0
Greece,2002,7579225.0
Greece,2003,7518932.0
Greece,2004,9276954.0
Greece,2005,9452219.0
Greece,2006,9481314.0
Greece,2007,10206223.0
Greece,2008,9442743.0
Greece,2009,8795133.0
Greece,2010,10352657.53
Greece,2011,9569211.419
Greece,2012,8785275.456
Greece,2013,8761116.0
Greece,2014,11152236.0
Greece,2015,11237054.0
Greece,2016,12689082.0
Greece,2017,13852857.0
Greece,2018,15125933.52
Greece,2019,16124738.33
Greece,2020,5647917.0
Croatia,1996,727200.0
Croatia,1997,767200.0
Croatia,1998,920000.0
Croatia,1999,926000.0
Croatia,2000,1072000.0
Croatia,2001,1245000.0
Croatia,2002,1356000.0
Croatia,2003,1582000.0
Croatia,2004,1743000.0
Croatia,2005,2099000.0
Croatia,2006,2148000.0
Croatia,2007,1545318.0
Croatia,2008,1752603.0
Croatia,2009,1679197.0
Croatia,2010,1577226.0
Croatia,2011,1812519.0
Croatia,2012,1872799.0
Croatia,2013,1716702.0
Croatia,2014,1756070.0
Croatia,2015,1782666.0
Croatia,2016,1875433.0
Croatia,2017,2057804.0
Croatia,2018,2093577.0
Croatia,2019,2108591.0
Croatia,2020,608458.0
Ireland,1986,1972000.0
Ireland,1996,7676800.0
Ireland,1997,8963700.0
Ireland,1998,10401200.0
Ireland,1999,11948800.0
Ireland,2000,13983022.0
Ireland,2001,15450847.0
Ireland,2002,19728801.0
Ireland,2003,28863657.0
Ireland,2004,34748853.0
Ireland,2005,42872544.0
Ireland,2006,50737809.0
Ireland,2007,60099058.0
Ireland,2008,69447262.0
Ireland,2009,77747207.0
Ireland,2010,84784226.0
Ireland,2011,89956333.51
Ireland,2012,92637189.19
Ireland,2013,93408036.0
Ireland,2014,98449140.0
Ireland,2015,115928738.0
Ireland,2016,134065078.0
Ireland,2017,153944513.0
Ireland,2018,167598633.0
Ireland,2019,170161848.0
Ireland,2020,54582262.0
Iceland,1986,808400.0
Iceland,1996,1239100.0
Iceland,1997,1334400.0
Iceland,1998,1592700.0
Iceland,1999,1350200.0
Iceland,2000,1431818.0
Iceland,2001,1357946.0
Iceland,2002,1198920.0
Iceland,2003,1133775.0
Iceland,2004,1332811.0
Iceland,2005,1528929.0
Iceland,2006,1536157.0
Iceland,2007,1720496.0
Iceland,2008,1423422.0
Iceland,2009,1364651.0
Iceland,2010,1851416.842
Iceland,2011,2150527.0
Iceland,2012,2400160.0
Iceland,2013,2602714.0
Iceland,2014,3035882.779
Iceland,2015,4134980.0
Iceland,2016,5710834.0
Iceland,2017,7242611.0
Iceland,2018,7819740.56
Iceland,2019,4656017.0
Iceland,2020,903927.0
Israel,1986,1828600.0
Israel,1996,3694600.0
Israel,1997,3753600.0
Israel,1998,3698500.0
Israel,1999,4033200.0
Israel,2000,4442967.0
Israel,2001,3967140.0
Israel,2002,3708138.0
Israel,2003,3677879.0
Israel,2004,4968931.0
Israel,2005,4392448.0
Israel,2006,4357151.0
Israel,2007,4662615.0
Israel,2008,4563041.0
Israel,2009,4605452.0
Israel,2010,5084798.0
Israel,2011,5151469.0
Israel,2012,5381980.0
Israel,2013,5565864.0
Israel,2014,5886728.0
Israel,2015,6331198.0
Israel,2016,6866472.0
Israel,2017,6993888.0
Israel,2018,7404373.0
Israel,2019,7068458.0
Israel,2020,1249361.0
Italy,1986,13811100.0
Italy,1996,25838500.0
Italy,1997,28183900.0
Italy,1998,27462700.0
Italy,1999,28281000.0
Italy,2000,30418137.0
Italy,2001,31031074.0
Italy,2002,28244627.0
Italy,2003,36345771.0
Italy,2004,35922093.0
Italy,2005,36115764.0
Italy,2006,36709131.0
Italy,2007,37830745.0
Italy,2008,30672048.0
Italy,2009,33194501.0
Italy,2010,32645164.0
Italy,2011,33923370.51
Italy,2012,31072962.16
Italy,2013,27846220.0
Italy,2014,27193939.0
Italy,2015,28603919.0
Italy,2016,29120041.0
Italy,2017,26288001.0
Italy,2018,27243741.0
Italy,2019,27760301.0
Italy,2020,7801490.0
Lithuania,1996,214000.0
Lithuania,1997,236800.0
Lithuania,1998,258900.0
Lithuania,1999,249600.0
Lithuania,2000,283836.0
Lithuania,2001,304051.0
Lithuania,2002,303865.0
Lithuania,2003,329271.0
Lithuania,2004,447883.0
Lithuania,2005,505409.0
Lithuania,2006,429657.0
Lithuania,2007,423585.0
Lithuania,2008,609847.0
Lithuania,2009,616514.0
Lithuania,2010,81450.0
Lithuania,2011,69445.0
Lithuania,2012,592996.0
Lithuania,2013,1009728.0
Lithuania,2014,1274911.0
Lithuania,2015,1363946.0
Lithuania,2016,1046012.0
Lithuania,2017,1069268.0
Lithuania,2018,26031.0
Lithuania,2019,40944.0
Lithuania,2020,35027.0
Luxembourg,1986,247700.0
Luxembourg,1996,639100.0
Luxembourg,1997,559800.0
Luxembourg,1998,701400.0
Luxembourg,1999,842700.0
Luxembourg,2000,870831.0
Luxembourg,2001,885852.0
Luxembourg,2002,822533.0
Luxembourg,2003,853903.0
Luxembourg,2004,855840.0
Luxembourg,2005,851136.0
Luxembourg,2006,927738.0
Luxembourg,2007,1039067.0
Luxembourg,2008,1059848.0
Luxembourg,2009,681482.0
Luxembourg,2010,786920.0
Luxembourg,2011,785200.0
Luxembourg,2012,781146.0
Luxembourg,2013,1555788.0
Luxembourg,2014,1710624.0
Luxembourg,2015,1830972.0
Luxembourg,2016,1845726.0
Luxembourg,2017,1901012.0
Luxembourg,2018,2099102.0
Luxembourg,2019,2114417.0
Luxembourg,2020,753114.0
Latvia,1996,275900.0
Latvia,1997,229100.0
Latvia,1998,229100.0
Latvia,1999,196200.0
Latvia,2000,278396.0
Latvia,2001,255392.0
Latvia,2002,264991.0
Latvia,2003,339747.0
Latvia,2004,593662.0
Latvia,2005,1032128.0
Latvia,2006,1409620.0
Latvia,2007,1344912.0
Latvia,2008,1371810.0
Latvia,2009,1301848.0
Latvia,2010,3158051.0
Latvia,2011,3299391.0
Latvia,2012,2888683.0
Latvia,2013,2754720.0
Latvia,2014,2636612.759
Latvia,2015,2527368.0
Latvia,2016,2843133.0
Latvia,2017,3441024.0
Latvia,2018,4058762.0
Latvia,2019,4976410.0
Latvia,2020,1323070.0
Moldova,1996,190000.0
Moldova,1997,46400.0
Moldova,1998,118000.0
Moldova,1999,43000.0
Moldova,2000,117532.0
Moldova,2001,120125.0
Moldova,2002,129377.0
Moldova,2003,179084.0
Moldova,2004,200615.0
Moldova,2005,231985.0
Moldova,2006,273810.0
Moldova,2007,314361.0
Moldova,2008,401199.0
Moldova,2009,402423.0
Moldova,2010,479457.0
Moldova,2011,540679.0
Moldova,2012,543872.0
Moldova,2013,557653.0
Moldova,2014,692496.0
Moldova,2015,1005936.0
Moldova,2016,936254.0
Moldova,2017,1092606.0
Moldova,2018,1423791.0
Moldova,2019,1408166.0
Moldova,2020,306631.727
The former Yugoslav Republic of Macedonia,1996,287300.0
The former Yugoslav Republic of Macedonia,1997,228900.0
The former Yugoslav Republic of Macedonia,1998,488900.0
The former Yugoslav Republic of Macedonia,1999,506100.0
The former Yugoslav Republic of Macedonia,2000,599012.0
The former Yugoslav Republic of Macedonia,2001,315450.0
The former Yugoslav Republic of Macedonia,2002,165735.0
The former Yugoslav Republic of Macedonia,2003,200959.0
The former Yugoslav Republic of Macedonia,2004,210875.0
The former Yugoslav Republic of Macedonia,2005,191977.0
The former Yugoslav Republic of Macedonia,2006,209255.0
The former Yugoslav Republic of Macedonia,2007,234366.0
The former Yugoslav Republic of Macedonia,2008,196420.0
The former Yugoslav Republic of Macedonia,2009,86868.0
Malta,1986,411300.0
Malta,1996,1037500.0
Malta,1997,1054300.0
Malta,1998,1159400.0
Malta,1999,1421300.0
Malta,2000,1364904.0
Malta,2001,1340031.0
Malta,2002,1398990.0
Malta,2003,1309119.0
Malta,2004,1365223.0
Malta,2005,1371865.0
Malta,2006,1495333.0
Malta,2007,1674773.0
Malta,2008,1708268.0
Malta,2009,1992900.0
Malta,2010,1699829.0
Malta,2011,1673765.0
Malta,2012,1535101.0
Malta,2013,1603404.0
Malta,2014,1588165.0
Malta,2015,1583046.0
Malta,2016,1500824.0
Malta,2017,1575125.0
Malta,2018,2576898.0
Malta,2019,2382607.8
Malta,2020,549318.545
Montenegro,2001,121737.0
Montenegro,2003,287111.0
Montenegro,2004,337046.0
Montenegro,2005,383140.0
Montenegro,2010,659355.4148
Montenegro,2011,523356.0
Montenegro,2012,544519.0
Montenegro,2013,528852.0
Montenegro,2014,503040.0
Montenegro,2015,526980.0
Montenegro,2016,544597.0
Montenegro,2017,507637.0
Montenegro,2018,565522.0
Montenegro,2019,597380.0
Netherlands,1986,6382000.0
Netherlands,1996,17114300.0
Netherlands,1997,17889900.0
Netherlands,1998,18675500.0
Netherlands,1999,19741200.0
Netherlands,2000,20898713.0
Netherlands,2001,20072980.0
Netherlands,2002,22931166.0
Netherlands,2003,23454932.0
Netherlands,2004,25595676.0
Netherlands,2005,26132696.0
Netherlands,2006,27454451.0
Netherlands,2007,28857440.0
Netherlands,2008,29601230.0
Netherlands,2009,29108547.0
Netherlands,2010,26979676.63
Netherlands,2011,29959476.4
Netherlands,2012,31672223.98
Netherlands,2013,33455251.0
Netherlands,2014,33956338.0
Netherlands,2015,35687843.0
Netherlands,2016,40078714.0
Netherlands,2017,42763443.0
Netherlands,2018,44417573.58
Netherlands,2019,46358457.95
Netherlands,2020,14748517.33
Norway,1986,7485200.0
Norway,1996,12727300.0
Norway,1997,13759000.0
Norway,1998,14291500.0
Norway,1999,15009600.0
Norway,2000,15182305.0
Norway,2001,14556181.0
Norway,2002,13699204.0
Norway,2003,12805757.0
Norway,2004,12277222.0
Norway,2019,50957868.6
Norway,2020,14041322.8
Poland,1986,1573500.0
Poland,1996,1805900.0
Poland,1997,1998000.0
Poland,1998,2212500.0
Poland,1999,2140700.0
Poland,2000,2340919.0
Poland,2001,2670283.0
Poland,2002,2845919.0
Poland,2003,3252222.0
Poland,2004,3493094.0
Poland,2005,3553680.0
Poland,2006,3625982.0
Poland,2007,4269655.0
Poland,2008,4634676.0
Poland,2009,4279072.0
Poland,2010,4099082.0
Poland,2011,4448727.06
Poland,2012,4909100.392
Poland,2013,5002975.749
Poland,2014,5038745.426
Poland,2015,4448883.0
Poland,2016,5497163.0
Poland,2017,7376512.0
Poland,2018,9277538.0
Poland,2019,10225516.0
Poland,2020,2686258.0
Portugal,1986,2422600.0
Portugal,1996,4805500.0
Portugal,1997,6281400.0
Portugal,1998,7023100.0
Portugal,1999,7339300.0
Portugal,2000,6721365.0
Portugal,2001,6650492.0
Portugal,2002,6795580.0
Portugal,2003,7590259.0
Portugal,2004,9052471.0
Portugal,2005,10139655.0
Portugal,2006,9440930.0
Portugal,2007,10320040.0
Portugal,2008,11171020.0
Portugal,2009,9903771.0
Portugal,2010,10428173.51
Portugal,2011,11014639.0
Portugal,2012,11338080.0
Portugal,2013,11860998.0
Portugal,2014,12635439.0
Portugal,2015,12706909.0
Portugal,2016,13105120.0
Portugal,2017,15937325.0
Portugal,2018,17367956.0
Portugal,2019,22047878.98
Portugal,2020,6219531.061
Romania,1986,1240400.0
Romania,1996,913300.0
Romania,1997,995200.0
Romania,1998,907600.0
Romania,1999,980300.0
Romania,2000,1218102.0
Romania,2001,1137305.0
Romania,2002,959487.0
Romania,2003,1255313.0
Romania,2004,1337781.0
Romania,2005,1707714.0
Romania,2006,2047466.0
Romania,2007,3003872.0
Romania,2008,3253417.0
Romania,2009,3268022.0
Romania,2010,3733253.0
Romania,2011,3659209.0
Romania,2012,3593312.0
Romania,2013,3087143.0
Romania,2014,3067724.4
Romania,2015,3634598.0
Romania,2016,3686938.0
Romania,2017,4423249.0
Romania,2018,4908235.0
Romania,2019,5630289.0
Romania,2020,1786407.0
Russia,1996,22117100.0
Russia,1997,20419000.0
Russia,1998,15223700.0
Russia,1999,18600400.0
Russia,2000,17687894.0
Russia,2001,20301199.0
Russia,2002,20892156.0
Russia,2003,22723072.0
Russia,2004,25948923.0
Russia,2005,26522315.0
Russia,2006,28836949.0
Russia,2007,33187839.0
Russia,2008,37940321.0
Russia,2009,34402844.0
Russia,2010,43855539.0
Russia,2011,50555805.0
Russia,2012,58727125.0
Russia,2013,64072322.0
Russia,2014,72189961.0
Russia,2015,76846126.0
Russia,2016,77458318.0
Russia,2017,89373638.0
Russia,2018,99327311.0
Russia,2019,108857906.0
Russia,2020,62447448.0
Serbia,2001,994880.0
Serbia,2002,1185479.0
Serbia,2003,1011231.0
Serbia,2004,1076473.0
Serbia,2005,918540.0
Serbia,2006,1041747.0
Serbia,2007,1118404.0
Serbia,2008,1135322.0
Serbia,2009,926618.0
Serbia,2010,985072.0
Serbia,2011,1149102.0
Serbia,2012,1240709.0
Serbia,2013,1241352.0
Serbia,2014,2187144.0
Serbia,2015,2427047.0
Serbia,2016,2486009.0
Serbia,2017,2442731.0
Serbia,2018,2262703.0
Serbia,2019,2469081.0
Serbia,2020,795228.0
Slovak Republic,1996,62600.0
Slovak Republic,1997,80700.0
Slovak Republic,1998,107300.0
Slovak Republic,1999,110600.0
Slovak Republic,2000,57095.0
Slovak Republic,2001,43113.0
Slovak Republic,2002,82821.0
Slovak Republic,2003,190182.0
Slovak Republic,2004,636276.0
Slovak Republic,2005,711939.0
Slovak Republic,2006,779759.0
Slovak Republic,2007,2679227.0
Slovak Republic,2008,2690428.0
Slovak Republic,2009,3440816.0
Slovak Republic,2010,74856.0
Slovak Republic,2011,34859.0
Slovak Republic,2012,45111.0
Slovak Republic,2013,64008.0
Slovak Republic,2014,29031.5983
Slovak Republic,2015,11098.0
Slovak Republic,2016,12928.0
Slovak Republic,2017,7925.0
Slovak Republic,2020,2669.0
Slovenia,1996,393000.0
Slovenia,1997,403800.0
Slovenia,1998,459900.0
Slovenia,1999,555500.0
Slovenia,2000,627907.0
Slovenia,2001,689635.0
Slovenia,2002,720513.0
Slovenia,2003,758392.0
Slovenia,2004,764991.0
Slovenia,2005,757651.0
Slovenia,2006,860735.0
Slovenia,2007,945420.0
Slovenia,2008,1103685.0
Slovenia,2009,953378.0
Slovenia,2010,979803.0
Slovenia,2011,972711.0
Slovenia,2012,816630.0
Slovenia,2013,857000.0
Slovenia,2014,916981.0
Slovenia,2015,1045409.0
Slovenia,2016,1009559.0
Slovenia,2017,1087075.0
Slovenia,2018,1094762.0
Slovenia,2019,869640.1
Slovenia,2020,78565.0
Sweden,1986,8713900.0
Sweden,1996,9879000.0
Sweden,1997,11326900.0
Sweden,1998,11877700.0
Sweden,1999,12917600.0
Sweden,2000,13354314.0
Sweden,2001,13123426.0
Sweden,2002,12421220.0
Sweden,2003,11586025.0
Sweden,2004,11623925.0
Sweden,2019,50957868.6
Sweden,2020,14041322.8
Turkey,1986,2721900.0
Turkey,1996,8463900.0
Turkey,1997,9379900.0
Turkey,1998,9949300.0
Turkey,1999,10097300.0
Turkey,2000,12187891.0
Turkey,2001,10603908.0
Turkey,2002,10686877.0
Turkey,2003,10745444.0
Turkey,2004,14275835.0
Turkey,2005,16943828.0
Turkey,2006,19361415.0
Turkey,2007,22895275.0
Turkey,2008,25505092.0
Turkey,2009,31339441.0
Turkey,2010,45665249.0
Turkey,2011,53500303.0
Turkey,2012,63350312.0
Turkey,2013,74413804.62
Turkey,2014,84574844.0
Turkey,2015,96604665.0
Turkey,2016,100366461.0
Turkey,2017,107917326.0
Turkey,2018,115595495.8
Turkey,2019,111131475.0
Turkey,2020,44722690.06
Ukraine,1996,1151200.0
Ukraine,1997,1189600.0
Ukraine,1998,1066400.0
Ukraine,1999,910100.0
Ukraine,2000,950697.0
Ukraine,2001,986022.0
Ukraine,2002,1119889.0
Ukraine,2003,1652632.0
Ukraine,2004,2200094.0
Ukraine,2005,2512910.0
Ukraine,2006,2801992.0
Ukraine,2007,1736018.0
Ukraine,2008,3456288.0
Ukraine,2009,3427818.0
Ukraine,2010,3956053.0
Ukraine,2011,5477654.918
Ukraine,2012,5828107.612
Ukraine,2013,5218814.574
Ukraine,2014,4503610.0
Ukraine,2015,4620530.0
Ukraine,2016,5756509.0
Ukraine,2017,6794396.0
Ukraine,2018,7854842.0
Ukraine,2019,7604522.332
Ukraine,2020,1790620.666
